Transaction_ID,Date,Region,Category,Sub_Category,Quantity,Price,Cost,Inventory_Days,Profit,Profit_Margin_%
1,2024-10-14,South,Furniture,Tables,9,1130.18,819.92,9,310.2600000000001,27.45
2,2024-10-28,West,Electronics,Mobiles,6,1963.39,1601.69,12,361.70000000000005,18.42
3,2024-11-30,South,Fashion,Men,6,1763.03,1409.28,20,353.75,20.06
4,2024-04-11,West,Grocery,Snacks,8,1128.05,894.58,15,233.4699999999999,20.7
5,2024-10-23,West,Fashion,Men,4,1431.99,1045.11,14,386.8800000000001,27.02
6,2024-09-01,East,Fashion,Women,3,1095.35,967.58,39,127.76999999999987,11.66
7,2024-07-25,West,Electronics,Laptops,3,1362.0,1095.13,40,266.8699999999999,19.59
8,2024-02-25,East,Furniture,Tables,3,183.26,144.57,43,38.69,21.11
9,2024-12-14,West,Grocery,Beverages,7,771.13,690.89,48,80.24000000000001,10.41
10,2024-11-02,East,Fashion,Women,2,825.58,710.35,37,115.23000000000002,13.96
11,2024-02-05,East,Fashion,Men,6,592.27,399.06,21,193.20999999999998,32.62
12,2024-04-17,North,Fashion,Women,1,829.13,740.2,28,88.92999999999995,10.73
13,2024-05-26,West,Furniture,Tables,3,1871.24,1360.06,50,511.18000000000006,27.32
14,2024-09-22,North,Fashion,Women,6,1034.07,972.16,53,61.90999999999997,5.99
15,2024-10-26,South,Electronics,Mobiles,2,2218.19,1721.93,44,496.26,22.37
16,2024-03-11,South,Furniture,Chairs,7,1111.31,984.01,43,127.29999999999995,11.45
17,2024-03-19,South,Electronics,Laptops,1,1791.62,1493.39,35,298.2299999999998,16.65
18,2024-05-02,North,Fashion,Women,6,1239.64,939.36,38,300.2800000000001,24.22
19,2024-10-09,East,Beauty,Makeup,6,2097.71,1931.28,55,166.43000000000006,7.93
20,2024-05-05,East,Electronics,Mobiles,2,2285.5,1937.94,39,347.55999999999995,15.21
21,2024-02-07,South,Beauty,Skincare,3,200.74,149.04,57,51.70000000000002,25.75
22,2024-05-26,East,Beauty,Makeup,8,415.97,281.15,38,134.82000000000005,32.41
23,2024-02-03,West,Electronics,Laptops,10,1984.9,1596.78,28,388.1200000000001,19.55
24,2024-02-19,East,Fashion,Women,6,638.86,488.46,10,150.40000000000003,23.54
25,2024-09-08,East,Electronics,Mobiles,10,861.96,619.77,19,242.19000000000005,28.1
26,2024-07-15,South,Beauty,Skincare,5,1105.85,937.79,9,168.05999999999995,15.2
27,2024-08-22,North,Electronics,Mobiles,5,1440.28,1351.62,18,88.66000000000008,6.16
28,2024-04-25,South,Electronics,Laptops,5,1097.93,1037.32,33,60.61000000000013,5.52
29,2024-03-26,North,Beauty,Skincare,4,1135.39,1068.48,22,66.91000000000008,5.89
30,2024-07-15,West,Electronics,Laptops,10,1108.75,893.52,10,215.23000000000002,19.41
31,2024-06-06,West,Electronics,Mobiles,3,467.95,325.83,26,142.12,30.37
32,2024-12-21,South,Beauty,Skincare,9,920.61,733.1,45,187.51,20.37
33,2024-03-01,West,Furniture,Tables,1,1171.02,842.29,42,328.73,28.07
34,2024-02-29,East,Electronics,Laptops,1,2033.1,1923.73,31,109.36999999999989,5.38
35,2024-07-24,West,Grocery,Snacks,9,910.64,817.27,12,93.37,10.25
36,2024-09-05,East,Beauty,Skincare,2,321.63,291.28,53,30.350000000000023,9.44
37,2024-09-13,North,Fashion,Women,2,2048.6,1473.0,42,575.5999999999999,28.1
38,2024-01-08,North,Fashion,Men,8,899.02,601.97,27,297.04999999999995,33.04
39,2024-06-05,North,Electronics,Laptops,8,914.61,662.2,41,252.40999999999997,27.6
40,2024-09-07,West,Fashion,Women,6,754.38,522.11,41,232.26999999999998,30.79
41,2024-02-26,South,Grocery,Beverages,2,264.49,250.61,41,13.879999999999995,5.25
42,2024-12-26,East,Electronics,Mobiles,10,2092.93,1727.45,39,365.4799999999998,17.46
43,2024-06-22,South,Electronics,Mobiles,3,1132.72,921.78,6,210.94000000000005,18.62
44,2024-07-13,West,Furniture,Chairs,6,770.95,517.45,55,253.5,32.88
45,2024-07-16,North,Grocery,Snacks,5,1870.64,1593.6,6,277.0400000000002,14.81
46,2024-11-10,West,Grocery,Snacks,1,301.77,254.46,44,47.309999999999974,15.68
47,2024-04-18,South,Beauty,Skincare,2,292.33,270.43,24,21.899999999999977,7.49
48,2024-04-07,South,Grocery,Snacks,4,918.1,717.92,35,200.18000000000006,21.8
49,2024-04-10,North,Electronics,Laptops,7,1800.07,1577.47,18,222.5999999999999,12.37
50,2024-09-29,North,Electronics,Mobiles,10,1991.96,1558.53,23,433.43000000000006,21.76
51,2024-10-15,North,Electronics,Laptops,5,1968.14,1712.94,11,255.20000000000005,12.97
52,2024-12-02,West,Electronics,Laptops,3,2403.24,1759.4,50,643.8399999999997,26.79
53,2024-04-08,East,Grocery,Beverages,1,740.89,596.17,60,144.72000000000003,19.53
54,2024-01-20,South,Beauty,Skincare,1,576.55,503.92,47,72.62999999999994,12.6
55,2024-09-03,East,Grocery,Snacks,10,331.5,313.1,29,18.399999999999977,5.55
56,2024-03-30,North,Beauty,Makeup,8,950.26,824.79,26,125.47000000000003,13.2
57,2024-02-26,West,Beauty,Makeup,4,2043.54,1478.7,16,564.8399999999999,27.64
58,2024-02-18,South,Fashion,Women,6,755.65,602.43,16,153.22000000000003,20.28
59,2024-05-20,South,Furniture,Chairs,8,1925.22,1617.65,10,307.56999999999994,15.98
60,2024-12-29,East,Grocery,Snacks,3,723.46,614.28,54,109.18000000000006,15.09
61,2024-05-22,South,Grocery,Snacks,8,1828.62,1740.36,40,88.25999999999999,4.83
62,2024-01-02,South,Grocery,Snacks,10,848.04,664.24,20,183.79999999999995,21.67
63,2024-11-30,North,Electronics,Laptops,9,1891.0,1706.56,60,184.44000000000005,9.75
64,2024-03-17,East,Beauty,Skincare,1,882.22,831.27,13,50.950000000000045,5.78
65,2024-08-03,North,Electronics,Mobiles,5,1592.28,1312.28,27,280.0,17.58
66,2024-05-28,East,Grocery,Beverages,4,2390.27,1614.67,40,775.5999999999999,32.45
67,2024-10-31,East,Beauty,Makeup,7,541.89,511.29,19,30.599999999999966,5.65
68,2024-06-26,East,Electronics,Mobiles,9,2577.93,1994.63,39,583.2999999999997,22.63
69,2024-11-07,East,Beauty,Skincare,10,2245.75,1577.33,13,668.4200000000001,29.76
70,2024-04-29,West,Furniture,Tables,4,258.74,193.47,30,65.27000000000001,25.23
71,2024-07-13,West,Furniture,Tables,7,2227.06,1796.83,45,430.23,19.32
72,2024-04-28,South,Fashion,Men,2,1056.21,810.59,7,245.62,23.25
73,2024-11-08,North,Beauty,Makeup,7,1262.16,999.61,20,262.55000000000007,20.8
74,2024-03-03,West,Beauty,Makeup,3,769.81,621.05,41,148.76,19.32
75,2024-01-19,South,Fashion,Men,6,2120.99,1877.93,51,243.05999999999972,11.46
76,2024-05-15,North,Fashion,Men,7,1268.01,1030.41,47,237.5999999999999,18.74
77,2024-10-14,North,Grocery,Snacks,2,814.95,642.1,36,172.85000000000002,21.21
78,2024-06-10,West,Furniture,Chairs,9,677.04,489.13,24,187.90999999999997,27.75
79,2024-04-08,South,Grocery,Beverages,1,2429.61,1757.87,18,671.7400000000002,27.65
80,2024-10-10,North,Electronics,Laptops,10,1813.35,1377.28,8,436.06999999999994,24.05
81,2024-04-25,North,Furniture,Tables,10,974.26,836.05,33,138.21000000000004,14.19
82,2024-07-11,East,Electronics,Mobiles,3,1793.27,1404.18,57,389.0899999999999,21.7
83,2024-11-22,East,Grocery,Snacks,9,2241.82,1740.7,18,501.1200000000001,22.35
84,2024-04-11,West,Furniture,Tables,9,186.19,136.78,56,49.41,26.54
85,2024-02-20,North,Grocery,Snacks,4,543.52,415.37,57,128.14999999999998,23.58
86,2024-07-26,North,Electronics,Laptops,3,813.83,770.39,25,43.440000000000055,5.34
87,2024-07-24,North,Beauty,Makeup,8,502.89,355.62,51,147.26999999999998,29.28
88,2024-11-11,West,Beauty,Makeup,8,853.06,771.75,55,81.30999999999995,9.53
89,2024-02-23,South,Electronics,Laptops,8,2041.6,1551.78,21,489.81999999999994,23.99
90,2024-09-01,West,Fashion,Men,10,1018.76,846.67,39,172.09000000000003,16.89
91,2024-12-02,South,Electronics,Mobiles,1,1919.69,1757.97,59,161.72000000000003,8.42
92,2024-02-29,West,Furniture,Chairs,4,1891.99,1605.32,9,286.6700000000001,15.15
93,2024-02-13,East,Furniture,Chairs,1,1018.92,851.25,23,167.66999999999996,16.46
94,2024-03-05,South,Furniture,Tables,7,477.92,440.34,30,37.58000000000004,7.86
95,2024-05-05,West,Fashion,Women,5,2001.02,1528.11,56,472.9100000000001,23.63
96,2024-11-21,East,Electronics,Mobiles,6,1919.38,1332.5,47,586.8800000000001,30.58
97,2024-05-18,South,Furniture,Chairs,4,561.56,502.25,58,59.309999999999945,10.56
98,2024-07-25,East,Electronics,Laptops,8,1648.33,1106.07,38,542.26,32.9
99,2024-11-27,West,Grocery,Beverages,10,2791.14,1877.52,49,913.6199999999999,32.73
100,2024-07-05,West,Grocery,Beverages,7,1009.73,747.61,52,262.12,25.96
101,2024-06-04,North,Fashion,Women,6,808.49,545.83,39,262.65999999999997,32.49
102,2024-07-23,South,Furniture,Chairs,9,377.59,279.99,44,97.59999999999997,25.85
103,2024-07-24,East,Fashion,Men,5,2396.67,1747.74,22,648.9300000000001,27.08
104,2024-12-04,South,Beauty,Makeup,7,2344.44,1597.21,12,747.23,31.87
105,2024-08-26,North,Beauty,Skincare,9,917.4,635.47,29,281.92999999999995,30.73
106,2024-10-03,West,Furniture,Chairs,4,273.8,257.54,11,16.25999999999999,5.94
107,2024-03-10,North,Grocery,Snacks,10,1423.5,977.17,7,446.33000000000004,31.35
108,2024-01-11,North,Furniture,Tables,3,2024.12,1540.07,52,484.04999999999995,23.91
109,2024-06-18,South,Grocery,Snacks,6,1493.33,1223.25,50,270.0799999999999,18.09
110,2024-01-21,South,Grocery,Beverages,2,1544.32,1262.16,19,282.15999999999985,18.27
111,2024-07-07,South,Beauty,Makeup,5,2248.25,1625.98,32,622.27,27.68
112,2024-05-03,South,Furniture,Chairs,9,924.79,845.23,45,79.55999999999995,8.6
113,2024-08-29,South,Electronics,Mobiles,5,627.58,513.28,26,114.30000000000007,18.21
114,2024-12-09,East,Electronics,Laptops,3,1192.84,828.44,10,364.39999999999986,30.55
115,2024-11-05,West,Furniture,Tables,5,1521.24,1226.28,43,294.96000000000004,19.39
116,2024-10-13,North,Electronics,Laptops,10,746.7,597.76,36,148.94000000000005,19.95
117,2024-05-09,East,Furniture,Chairs,1,1601.27,1082.61,37,518.6600000000001,32.39
118,2024-02-21,West,Grocery,Beverages,7,1682.24,1495.99,60,186.25,11.07
119,2024-07-11,South,Fashion,Women,7,1592.39,1068.42,41,523.97,32.9
120,2024-12-21,East,Electronics,Laptops,10,1442.65,1175.61,43,267.0400000000002,18.51
121,2024-05-04,North,Beauty,Makeup,7,1912.72,1401.19,46,511.53,26.74
122,2024-10-04,East,Fashion,Men,9,195.02,140.4,6,54.620000000000005,28.01
123,2024-08-13,North,Furniture,Tables,2,1452.87,988.36,30,464.5099999999999,31.97
124,2024-01-24,East,Fashion,Men,6,330.33,288.44,46,41.889999999999986,12.68
125,2024-09-07,East,Fashion,Women,2,700.76,504.75,19,196.01,27.97
126,2024-01-26,South,Grocery,Snacks,7,1080.58,762.44,44,318.1399999999999,29.44
127,2024-11-11,East,Grocery,Snacks,9,1865.22,1322.0,10,543.22,29.12
128,2024-10-11,South,Electronics,Mobiles,2,1148.01,827.94,53,320.06999999999994,27.88
129,2024-04-15,South,Furniture,Chairs,2,712.47,587.87,9,124.60000000000002,17.49
130,2024-10-10,West,Fashion,Men,9,2426.34,1873.1,15,553.2400000000002,22.8
131,2024-11-09,South,Grocery,Snacks,2,474.33,367.12,10,107.20999999999998,22.6
132,2024-12-17,North,Fashion,Women,8,945.12,877.43,15,67.69000000000005,7.16
133,2024-11-17,South,Furniture,Chairs,7,1314.61,1123.58,38,191.02999999999997,14.53
134,2024-03-27,West,Furniture,Chairs,4,292.31,203.34,29,88.97,30.44
135,2024-03-17,South,Fashion,Men,3,2508.33,1775.92,16,732.4099999999999,29.2
136,2024-09-27,West,Fashion,Men,6,1357.96,1002.03,57,355.93000000000006,26.21
137,2024-09-01,South,Electronics,Laptops,9,747.36,643.96,58,103.39999999999998,13.84
138,2024-11-22,West,Electronics,Laptops,10,1900.75,1734.64,56,166.1099999999999,8.74
139,2024-12-03,West,Grocery,Beverages,4,521.83,460.07,37,61.76000000000005,11.84
140,2024-02-25,West,Grocery,Beverages,7,2075.96,1593.51,33,482.45000000000005,23.24
141,2024-08-27,South,Grocery,Beverages,7,2159.74,1817.02,58,342.7199999999998,15.87
142,2024-04-26,South,Grocery,Snacks,9,406.31,327.52,46,78.79000000000002,19.39
143,2024-12-28,East,Fashion,Women,1,2472.36,1752.81,35,719.5500000000002,29.1
144,2024-03-17,South,Furniture,Tables,9,787.61,591.99,24,195.62,24.84
145,2024-10-17,South,Grocery,Snacks,3,1025.3,740.03,31,285.27,27.82
146,2024-05-15,West,Furniture,Chairs,5,1613.2,1269.25,29,343.95000000000005,21.32
147,2024-01-16,South,Electronics,Mobiles,2,507.55,339.27,5,168.28000000000003,33.16
148,2024-05-13,North,Furniture,Chairs,8,2074.78,1970.09,30,104.69000000000028,5.05
149,2024-09-15,South,Grocery,Snacks,7,1917.67,1396.93,24,520.74,27.15
150,2024-05-21,North,Grocery,Snacks,1,776.13,589.37,45,186.76,24.06
151,2024-11-04,East,Electronics,Laptops,9,505.6,337.8,24,167.8,33.19
152,2024-09-26,West,Fashion,Women,2,587.28,536.27,30,51.00999999999999,8.69
153,2024-04-27,South,Furniture,Tables,3,1197.28,928.72,17,268.55999999999995,22.43
154,2024-03-25,East,Furniture,Tables,8,428.1,307.41,57,120.69,28.19
155,2024-12-04,West,Furniture,Tables,5,2442.57,1889.02,12,553.5500000000002,22.66
156,2024-03-25,East,Grocery,Beverages,3,1724.82,1150.68,42,574.1399999999999,33.29
157,2024-08-21,East,Furniture,Tables,5,2524.44,1939.92,42,584.52,23.15
158,2024-05-26,West,Grocery,Snacks,8,1233.85,1090.92,57,142.92999999999984,11.58
159,2024-04-09,South,Fashion,Women,2,502.93,452.85,57,50.079999999999984,9.96
160,2024-05-24,East,Furniture,Tables,10,1441.91,1368.84,21,73.07000000000016,5.07
161,2024-10-03,North,Beauty,Skincare,5,905.96,722.57,8,183.39,20.24
162,2024-02-01,West,Grocery,Beverages,2,181.55,138.98,19,42.57000000000002,23.45
163,2024-09-27,South,Electronics,Mobiles,7,375.27,259.56,22,115.70999999999998,30.83
164,2024-08-26,North,Beauty,Makeup,2,2133.3,1830.46,44,302.84000000000015,14.2
165,2024-02-01,East,Electronics,Laptops,2,348.27,268.61,29,79.65999999999997,22.87
166,2024-02-03,South,Furniture,Tables,7,165.86,123.57,29,42.29000000000002,25.5
167,2024-03-11,South,Grocery,Beverages,7,229.86,195.89,47,33.97000000000003,14.78
168,2024-04-14,East,Electronics,Laptops,1,1341.62,998.12,56,343.4999999999999,25.6
169,2024-01-27,North,Beauty,Makeup,3,1085.08,1028.27,60,56.809999999999945,5.24
170,2024-11-27,West,Beauty,Makeup,7,1625.58,1308.58,47,317.0,19.5
171,2024-09-30,East,Beauty,Makeup,10,2350.17,1887.42,45,462.75,19.69
172,2024-04-16,North,Grocery,Beverages,9,1648.39,1155.97,46,492.4200000000001,29.87
173,2024-12-15,North,Electronics,Mobiles,10,1916.28,1555.4,10,360.8799999999999,18.83
174,2024-02-20,West,Furniture,Tables,2,778.44,716.37,28,62.07000000000005,7.97
175,2024-02-16,South,Furniture,Chairs,1,794.18,640.81,52,153.37,19.31
176,2024-07-27,East,Fashion,Women,3,1848.67,1405.72,27,442.95000000000005,23.96
177,2024-11-02,South,Furniture,Chairs,8,2237.81,1503.29,13,734.52,32.82
178,2024-01-03,West,Grocery,Snacks,4,2273.08,1629.03,16,644.05,28.33
179,2024-03-11,West,Beauty,Makeup,3,1830.31,1362.37,34,467.94000000000005,25.57
180,2024-07-10,West,Fashion,Women,6,1000.55,795.25,30,205.29999999999995,20.52
181,2024-06-08,South,Furniture,Tables,5,340.95,262.58,18,78.37,22.99
182,2024-06-26,South,Beauty,Skincare,10,665.31,542.74,35,122.56999999999994,18.42
183,2024-02-20,East,Furniture,Chairs,1,236.92,167.55,53,69.36999999999998,29.28
184,2024-09-01,South,Beauty,Makeup,10,1735.69,1370.65,39,365.03999999999996,21.03
185,2024-09-30,North,Electronics,Laptops,8,1821.44,1239.34,58,582.1000000000001,31.96
186,2024-06-01,East,Grocery,Beverages,10,1178.97,1046.26,55,132.71000000000004,11.26
187,2024-12-15,North,Beauty,Skincare,2,894.81,613.8,17,281.01,31.4
188,2024-12-02,South,Fashion,Women,7,2391.69,1909.57,10,482.1200000000001,20.16
189,2024-05-08,North,Beauty,Skincare,6,457.79,391.32,18,66.47000000000003,14.52
190,2024-02-08,North,Electronics,Mobiles,7,1306.8,1016.94,24,289.8599999999999,22.18
191,2024-03-15,West,Electronics,Laptops,2,1683.01,1421.36,15,261.6500000000001,15.55
192,2024-09-09,East,Beauty,Skincare,10,1049.21,706.1,9,343.11,32.7
193,2024-07-15,West,Electronics,Mobiles,5,2520.95,1900.68,56,620.2699999999998,24.6
194,2024-05-02,North,Electronics,Laptops,4,314.09,236.22,47,77.86999999999998,24.79
195,2024-02-28,East,Fashion,Women,7,468.52,397.3,58,71.21999999999997,15.2
196,2024-08-13,West,Fashion,Men,8,1155.51,791.57,31,363.93999999999994,31.5
197,2024-11-04,East,Grocery,Snacks,2,278.81,246.34,34,32.47,11.65
198,2024-11-13,West,Grocery,Snacks,4,1507.96,1042.01,50,465.95000000000005,30.9
199,2024-11-30,West,Beauty,Skincare,7,1766.17,1406.07,60,360.10000000000014,20.39
200,2024-03-24,East,Beauty,Makeup,6,1532.26,1371.49,35,160.76999999999998,10.49
201,2024-02-06,West,Electronics,Mobiles,4,818.43,615.93,36,202.5,24.74
202,2024-02-18,West,Grocery,Beverages,3,1678.97,1492.82,40,186.1500000000001,11.09
203,2024-09-22,West,Grocery,Beverages,6,2260.17,1727.16,8,533.01,23.58
204,2024-04-14,North,Beauty,Skincare,4,1092.43,936.13,42,156.30000000000007,14.31
205,2024-01-27,South,Furniture,Tables,2,835.23,729.53,52,105.70000000000005,12.66
206,2024-07-26,East,Fashion,Men,1,2640.07,1882.36,5,757.7100000000003,28.7
207,2024-09-08,South,Furniture,Tables,2,482.76,424.15,10,58.610000000000014,12.14
208,2024-06-14,South,Beauty,Skincare,6,1405.2,1055.7,25,349.5,24.87
209,2024-05-28,West,Fashion,Men,2,1099.01,839.67,30,259.34000000000003,23.6
210,2024-10-20,West,Beauty,Makeup,9,1472.44,1085.37,60,387.07000000000016,26.29
211,2024-08-31,West,Furniture,Tables,8,515.65,435.56,34,80.08999999999997,15.53
212,2024-02-13,South,Furniture,Chairs,4,1654.44,1487.92,22,166.51999999999998,10.07
213,2024-06-08,West,Beauty,Makeup,8,2716.21,1880.01,22,836.2,30.79
214,2024-03-18,South,Fashion,Women,4,498.28,340.68,18,157.59999999999997,31.63
215,2024-12-29,South,Beauty,Makeup,7,1805.78,1248.06,6,557.72,30.89
216,2024-08-05,South,Electronics,Laptops,5,256.1,232.66,12,23.440000000000026,9.15
217,2024-04-23,West,Electronics,Laptops,7,1514.7,1243.73,54,270.97,17.89
218,2024-11-18,West,Grocery,Snacks,3,530.65,377.03,39,153.62,28.95
219,2024-05-26,West,Electronics,Mobiles,5,1086.68,791.39,50,295.2900000000001,27.17
220,2024-11-01,North,Fashion,Men,1,1386.26,1064.48,58,321.78,23.21
221,2024-06-12,South,Electronics,Mobiles,2,2036.22,1835.33,48,200.8900000000001,9.87
222,2024-02-12,North,Grocery,Beverages,10,1608.16,1479.59,37,128.57000000000016,7.99
223,2024-04-21,East,Fashion,Women,6,1287.97,1140.73,50,147.24,11.43
224,2024-11-18,North,Furniture,Chairs,1,1952.63,1629.67,10,322.96000000000004,16.54
225,2024-11-25,East,Fashion,Men,8,2126.63,1952.25,53,174.3800000000001,8.2
226,2024-11-10,North,Beauty,Skincare,9,342.29,277.76,8,64.53000000000003,18.85
227,2024-10-22,South,Fashion,Men,3,749.35,507.84,5,241.51000000000005,32.23
228,2024-01-30,South,Furniture,Chairs,2,371.61,317.37,19,54.24000000000001,14.6
229,2024-05-06,West,Furniture,Tables,3,2233.22,1568.75,45,664.4699999999998,29.75
230,2024-09-10,East,Fashion,Women,4,1551.35,1248.56,21,302.78999999999996,19.52
231,2024-06-13,East,Fashion,Men,7,399.17,356.28,56,42.89000000000004,10.74
232,2024-06-16,North,Beauty,Makeup,4,388.84,353.0,41,35.839999999999975,9.22
233,2024-02-23,North,Furniture,Chairs,1,1376.46,1308.61,16,67.85000000000014,4.93
234,2024-06-20,West,Beauty,Makeup,6,2762.02,1912.37,49,849.6500000000001,30.76
235,2024-05-20,North,Furniture,Chairs,7,2074.6,1924.01,35,150.58999999999992,7.26
236,2024-09-11,South,Grocery,Beverages,1,1348.37,1117.45,10,230.91999999999985,17.13
237,2024-09-16,South,Furniture,Chairs,9,2443.68,1876.48,21,567.1999999999998,23.21
238,2024-01-07,West,Electronics,Laptops,3,1476.52,1260.57,46,215.95000000000005,14.63
239,2024-03-19,East,Beauty,Skincare,6,1073.5,904.4,12,169.10000000000002,15.75
240,2024-12-12,West,Beauty,Skincare,5,2281.08,1606.7,36,674.3799999999999,29.56
241,2024-04-11,South,Beauty,Skincare,5,1722.21,1468.97,12,253.24,14.7
242,2024-07-07,North,Beauty,Makeup,9,1288.97,1173.34,47,115.63000000000011,8.97
243,2024-04-20,South,Furniture,Tables,3,2105.44,1503.22,24,602.22,28.6
244,2024-04-14,East,Fashion,Men,7,454.86,397.6,42,57.25999999999999,12.59
245,2024-12-19,West,Electronics,Mobiles,1,1578.52,1474.95,51,103.56999999999994,6.56
246,2024-07-06,West,Beauty,Makeup,2,790.92,601.68,38,189.24,23.93
247,2024-07-15,East,Electronics,Laptops,5,1600.94,1125.39,7,475.54999999999995,29.7
248,2024-09-16,West,Fashion,Men,4,2412.77,1913.9,37,498.8699999999999,20.68
249,2024-02-19,East,Furniture,Tables,3,1018.65,697.97,18,320.67999999999995,31.48
250,2024-10-10,South,Electronics,Mobiles,1,948.87,634.3,27,314.57000000000005,33.15
251,2024-06-06,East,Furniture,Tables,3,1646.75,1162.02,48,484.73,29.44
252,2024-03-27,West,Electronics,Laptops,7,1854.31,1315.89,8,538.4199999999998,29.04
253,2024-09-06,West,Furniture,Tables,6,1713.7,1262.8,40,450.9000000000001,26.31
254,2024-01-06,East,Furniture,Tables,10,1051.72,736.84,14,314.88,29.94
255,2024-02-12,South,Fashion,Women,2,855.76,768.01,10,87.75,10.25
256,2024-11-22,South,Fashion,Men,10,2028.37,1914.36,32,114.00999999999999,5.62
257,2024-01-13,East,Fashion,Women,4,2096.94,1572.86,37,524.0800000000002,24.99
258,2024-04-09,West,Furniture,Tables,8,2169.31,1598.2,32,571.1099999999999,26.33
259,2024-01-30,West,Fashion,Men,4,1132.9,959.39,41,173.5100000000001,15.32
260,2024-04-25,East,Grocery,Beverages,6,257.4,224.18,10,33.21999999999997,12.91
261,2024-09-18,East,Grocery,Beverages,3,663.57,541.03,5,122.54000000000008,18.47
262,2024-09-08,East,Fashion,Men,9,660.33,523.93,59,136.4000000000001,20.66
263,2024-01-11,West,Beauty,Skincare,1,570.58,475.76,36,94.82000000000005,16.62
264,2024-01-11,South,Beauty,Makeup,3,1257.78,917.09,60,340.68999999999994,27.09
265,2024-02-27,East,Electronics,Mobiles,8,676.14,634.46,22,41.67999999999995,6.16
266,2024-01-14,South,Grocery,Beverages,4,1077.19,1021.94,35,55.25,5.13
267,2024-07-26,West,Electronics,Laptops,7,1956.0,1575.4,11,380.5999999999999,19.46
268,2024-05-29,East,Electronics,Mobiles,1,2283.91,1884.61,40,399.29999999999995,17.48
269,2024-12-24,East,Furniture,Chairs,2,1967.66,1358.97,52,608.69,30.93
270,2024-09-14,South,Fashion,Women,4,387.13,258.43,10,128.7,33.24
271,2024-11-07,West,Electronics,Mobiles,5,609.34,579.83,15,29.50999999999999,4.84
272,2024-08-17,West,Grocery,Snacks,7,1588.37,1388.83,25,199.53999999999996,12.56
273,2024-09-09,South,Beauty,Makeup,7,2430.01,1687.2,12,742.8100000000002,30.57
274,2024-06-08,East,Beauty,Makeup,9,2145.11,1575.52,15,569.5900000000001,26.55
275,2024-08-12,West,Furniture,Tables,1,412.95,380.36,20,32.589999999999975,7.89
276,2024-02-22,South,Grocery,Beverages,6,950.75,658.32,36,292.42999999999995,30.76
277,2024-03-31,East,Furniture,Tables,7,2277.44,1540.07,10,737.3700000000001,32.38
278,2024-10-28,East,Grocery,Snacks,4,2179.66,1532.71,11,646.9499999999998,29.68
279,2024-12-06,West,Fashion,Women,4,1962.75,1649.64,20,313.1099999999999,15.95
280,2024-05-21,East,Grocery,Snacks,3,1460.41,1284.73,42,175.68000000000006,12.03
281,2024-12-14,East,Electronics,Mobiles,8,926.82,716.16,48,210.66000000000008,22.73
282,2024-06-09,East,Grocery,Snacks,1,1467.38,1082.13,25,385.25,26.25
283,2024-03-25,East,Grocery,Snacks,10,2502.17,1761.35,46,740.8200000000002,29.61
284,2024-01-16,East,Beauty,Skincare,1,2464.87,1865.42,37,599.4499999999998,24.32
285,2024-02-03,West,Furniture,Tables,9,536.73,455.61,44,81.12,15.11
286,2024-08-05,East,Beauty,Skincare,8,1762.12,1222.21,9,539.9099999999999,30.64
287,2024-03-14,East,Electronics,Mobiles,3,2153.47,1611.9,11,541.5699999999997,25.15
288,2024-12-30,West,Fashion,Women,7,989.9,881.22,59,108.67999999999995,10.98
289,2024-04-07,North,Fashion,Women,6,316.88,267.5,37,49.379999999999995,15.58
290,2024-05-24,South,Fashion,Women,6,354.48,236.81,34,117.67000000000002,33.2
291,2024-10-17,South,Beauty,Makeup,8,2180.87,1865.54,24,315.3299999999999,14.46
292,2024-08-15,West,Electronics,Mobiles,6,1692.71,1422.32,57,270.3900000000001,15.97
293,2024-01-29,North,Furniture,Chairs,1,344.44,303.35,11,41.089999999999975,11.93
294,2024-07-08,East,Grocery,Beverages,10,1392.87,1193.07,18,199.79999999999995,14.34
295,2024-01-12,West,Furniture,Tables,3,778.59,538.02,32,240.57000000000005,30.9
296,2024-03-01,West,Grocery,Snacks,3,2084.54,1813.66,42,270.8799999999999,12.99
297,2024-11-03,East,Grocery,Beverages,6,168.01,147.54,14,20.47,12.18
298,2024-09-29,North,Fashion,Men,9,386.3,271.86,36,114.44,29.62
299,2024-11-17,East,Beauty,Makeup,7,1566.11,1323.6,35,242.51,15.48
300,2024-01-26,West,Grocery,Beverages,10,1133.71,1037.26,53,96.45000000000005,8.51
301,2024-04-12,West,Grocery,Beverages,7,1070.88,989.2,51,81.68000000000006,7.63
302,2024-06-03,West,Furniture,Tables,3,653.49,499.06,38,154.43,23.63
303,2024-12-19,East,Fashion,Women,3,1587.92,1188.24,42,399.68000000000006,25.17
304,2024-11-23,North,Fashion,Women,3,587.4,417.13,54,170.26999999999998,28.99
305,2024-06-30,South,Grocery,Beverages,1,791.93,635.98,50,155.94999999999993,19.69
306,2024-01-29,East,Grocery,Beverages,9,2824.88,1918.29,33,906.5900000000001,32.09
307,2024-02-21,South,Beauty,Makeup,3,950.11,666.92,6,283.19000000000005,29.81
308,2024-01-21,North,Grocery,Beverages,2,1805.28,1694.02,58,111.25999999999999,6.16
309,2024-10-31,North,Beauty,Makeup,10,442.66,342.26,7,100.40000000000003,22.68
310,2024-10-29,East,Furniture,Chairs,2,2105.17,1470.04,13,635.1300000000001,30.17
311,2024-07-28,North,Fashion,Women,9,238.53,163.74,52,74.78999999999999,31.35
312,2024-03-11,West,Furniture,Tables,9,1009.39,746.89,44,262.5,26.01
313,2024-04-29,West,Grocery,Beverages,7,1780.71,1659.84,40,120.87000000000012,6.79
314,2024-03-05,East,Beauty,Makeup,10,338.43,238.0,30,100.43,29.68
315,2024-05-11,North,Electronics,Mobiles,6,660.85,598.83,42,62.01999999999998,9.38
316,2024-06-19,North,Furniture,Tables,9,941.6,671.49,5,270.11,28.69
317,2024-06-20,South,Furniture,Tables,9,480.2,443.22,29,36.97999999999996,7.7
318,2024-11-06,East,Beauty,Skincare,8,1426.26,1019.82,5,406.43999999999994,28.5
319,2024-12-09,East,Beauty,Skincare,10,2180.41,1781.26,15,399.14999999999986,18.31
320,2024-01-20,West,Electronics,Laptops,5,2074.66,1891.41,31,183.24999999999977,8.83
321,2024-10-12,West,Beauty,Skincare,8,464.12,352.91,9,111.20999999999998,23.96
322,2024-12-25,East,Grocery,Beverages,5,2147.13,1726.44,51,420.69000000000005,19.59
323,2024-05-21,North,Furniture,Chairs,5,1694.85,1177.94,46,516.9099999999999,30.5
324,2024-07-01,East,Fashion,Women,1,1654.06,1209.09,13,444.97,26.9
325,2024-09-05,South,Grocery,Beverages,6,2495.43,1745.09,50,750.3399999999999,30.07
326,2024-12-11,East,Beauty,Makeup,6,280.6,251.46,43,29.140000000000015,10.38
327,2024-01-28,West,Beauty,Skincare,8,781.98,646.99,56,134.99,17.26
328,2024-11-05,North,Furniture,Tables,10,1412.99,1111.42,14,301.56999999999994,21.34
329,2024-07-31,East,Furniture,Chairs,5,289.83,221.27,55,68.55999999999997,23.66
330,2024-10-19,South,Beauty,Makeup,5,2223.15,1612.7,18,610.45,27.46
331,2024-02-22,East,Beauty,Makeup,6,1152.17,776.0,44,376.1700000000001,32.65
332,2024-10-07,North,Furniture,Chairs,3,2778.22,1873.39,7,904.8299999999997,32.57
333,2024-07-10,East,Fashion,Women,8,1043.26,762.77,54,280.49,26.89
334,2024-10-13,West,Grocery,Beverages,4,411.78,317.68,35,94.09999999999997,22.85
335,2024-07-05,South,Furniture,Chairs,7,225.41,172.72,17,52.69,23.38
336,2024-10-28,North,Beauty,Skincare,6,165.91,122.45,6,43.459999999999994,26.19
337,2024-10-08,South,Furniture,Chairs,7,1768.26,1462.56,41,305.70000000000005,17.29
338,2024-04-22,South,Furniture,Chairs,7,1573.24,1179.67,17,393.56999999999994,25.02
339,2024-07-06,East,Electronics,Laptops,1,2129.31,1452.59,46,676.72,31.78
340,2024-12-22,West,Fashion,Women,2,1916.08,1278.99,45,637.0899999999999,33.25
341,2024-08-27,North,Fashion,Women,4,534.21,476.73,25,57.48000000000002,10.76
342,2024-02-11,East,Furniture,Chairs,9,1605.89,1389.88,27,216.01,13.45
343,2024-12-27,East,Grocery,Snacks,4,923.7,811.85,17,111.85000000000002,12.11
344,2024-03-25,South,Electronics,Mobiles,7,1252.09,836.92,55,415.16999999999996,33.16
345,2024-09-29,North,Beauty,Makeup,7,378.5,291.21,14,87.29000000000002,23.06
346,2024-10-06,South,Grocery,Snacks,6,466.18,438.09,38,28.090000000000032,6.03
347,2024-09-06,East,Beauty,Makeup,7,1270.74,1098.75,49,171.99,13.53
348,2024-04-12,West,Beauty,Makeup,9,1634.58,1115.67,6,518.9099999999999,31.75
349,2024-06-18,East,Beauty,Skincare,5,2227.91,1606.0,13,621.9099999999999,27.91
350,2024-08-18,East,Grocery,Beverages,1,1505.16,1050.3,43,454.8600000000001,30.22
351,2024-06-24,West,Grocery,Snacks,2,2058.73,1904.74,26,153.99,7.48
352,2024-03-17,West,Electronics,Laptops,1,849.78,807.16,16,42.620000000000005,5.02
353,2024-05-12,North,Grocery,Beverages,3,248.44,197.57,13,50.870000000000005,20.48
354,2024-05-07,East,Furniture,Tables,4,1427.67,1189.06,40,238.61000000000013,16.71
355,2024-10-01,South,Electronics,Mobiles,6,1244.45,1101.9,27,142.54999999999995,11.45
356,2024-06-23,East,Beauty,Skincare,6,2281.83,1755.73,56,526.0999999999999,23.06
357,2024-02-02,West,Furniture,Chairs,8,1402.95,1232.84,9,170.11000000000013,12.13
358,2024-11-06,West,Furniture,Chairs,9,327.03,257.51,26,69.51999999999998,21.26
359,2024-11-03,West,Grocery,Beverages,4,571.29,382.29,27,188.99999999999994,33.08
360,2024-06-05,West,Beauty,Skincare,7,508.78,366.19,35,142.58999999999997,28.03
361,2024-10-21,East,Electronics,Laptops,8,676.68,576.14,50,100.53999999999996,14.86
362,2024-10-24,North,Furniture,Chairs,2,216.69,159.75,26,56.94,26.28
363,2024-11-19,South,Grocery,Snacks,9,1563.02,1203.25,38,359.77,23.02
364,2024-11-30,West,Grocery,Snacks,6,629.65,425.06,26,204.58999999999997,32.49
365,2024-10-31,South,Furniture,Chairs,8,1781.16,1245.01,11,536.1500000000001,30.1
366,2024-02-15,West,Fashion,Men,1,1917.94,1324.71,13,593.23,30.93
367,2024-06-08,East,Beauty,Skincare,3,1481.84,1206.95,47,274.8899999999999,18.55
368,2024-08-12,North,Grocery,Beverages,1,1644.03,1198.79,19,445.24,27.08
369,2024-10-31,East,Fashion,Men,9,1576.72,1096.38,40,480.3399999999999,30.46
370,2024-05-06,East,Electronics,Laptops,8,718.89,555.67,46,163.22000000000003,22.7
371,2024-12-30,South,Electronics,Mobiles,9,1450.31,1016.7,42,433.6099999999999,29.9
372,2024-08-09,South,Electronics,Laptops,6,622.95,476.73,38,146.22000000000003,23.47
373,2024-02-09,East,Beauty,Skincare,8,2240.28,1774.95,7,465.33000000000015,20.77
374,2024-01-02,North,Furniture,Tables,1,1694.87,1338.55,49,356.31999999999994,21.02
375,2024-12-19,South,Grocery,Snacks,3,516.03,453.08,39,62.94999999999999,12.2
376,2024-12-20,South,Furniture,Chairs,7,2081.57,1395.38,28,686.19,32.97
377,2024-12-10,North,Electronics,Mobiles,1,2515.15,1949.1,51,566.0500000000002,22.51
378,2024-05-17,South,Beauty,Makeup,4,1526.8,1443.17,44,83.62999999999988,5.48
379,2024-05-07,West,Grocery,Snacks,3,1590.74,1113.28,42,477.46000000000004,30.01
380,2024-03-17,North,Furniture,Tables,7,1081.49,756.16,10,325.33000000000004,30.08
381,2024-02-18,South,Fashion,Women,6,2016.82,1474.32,10,542.5,26.9
382,2024-04-06,North,Electronics,Mobiles,8,1139.74,773.47,38,366.27,32.14
383,2024-02-09,South,Grocery,Beverages,5,1765.82,1542.82,13,223.0,12.63
384,2024-05-04,West,Grocery,Snacks,1,380.73,266.6,28,114.13,29.98
385,2024-01-02,North,Furniture,Tables,1,994.03,881.84,7,112.18999999999994,11.29
386,2024-02-04,North,Grocery,Snacks,7,792.14,731.52,6,60.620000000000005,7.65
387,2024-08-05,East,Beauty,Makeup,1,534.62,367.43,34,167.19,31.27
388,2024-11-24,West,Furniture,Tables,2,2019.85,1403.18,17,616.6699999999998,30.53
389,2024-10-05,West,Furniture,Tables,8,2596.79,1746.51,19,850.28,32.74
390,2024-06-06,North,Electronics,Mobiles,10,1815.28,1420.29,45,394.99,21.76
391,2024-02-28,East,Furniture,Tables,3,462.81,329.55,7,133.26,28.79
392,2024-07-24,West,Beauty,Makeup,1,2569.17,1768.21,8,800.96,31.18
393,2024-01-18,East,Electronics,Laptops,5,1528.1,1396.98,16,131.1199999999999,8.58
394,2024-08-17,East,Electronics,Laptops,9,1423.36,1062.24,52,361.1199999999999,25.37
395,2024-01-23,South,Electronics,Laptops,9,1825.97,1218.52,7,607.45,33.27
396,2024-06-16,East,Fashion,Women,4,1816.34,1593.31,45,223.02999999999997,12.28
397,2024-04-19,West,Fashion,Women,4,1232.19,902.09,47,330.1,26.79
398,2024-06-30,East,Fashion,Men,9,1271.08,1001.11,10,269.9699999999999,21.24
399,2024-01-11,North,Electronics,Mobiles,4,928.57,642.24,33,286.33000000000004,30.84
400,2024-04-11,West,Beauty,Makeup,10,1340.85,1084.95,40,255.89999999999986,19.08
401,2024-11-08,North,Electronics,Mobiles,1,215.06,152.81,16,62.25,28.95
402,2024-11-20,East,Furniture,Chairs,8,209.46,197.46,46,12.0,5.73
403,2024-12-28,North,Beauty,Makeup,9,2310.43,1758.1,14,552.3299999999999,23.91
404,2024-01-31,East,Grocery,Snacks,9,382.89,313.6,25,69.28999999999996,18.1
405,2024-02-29,East,Beauty,Makeup,8,1488.23,1077.41,7,410.81999999999994,27.6
406,2024-04-26,South,Beauty,Skincare,8,1174.37,813.19,60,361.17999999999984,30.76
407,2024-11-22,West,Beauty,Skincare,10,1580.82,1176.71,17,404.1099999999999,25.56
408,2024-03-09,East,Beauty,Skincare,3,1315.57,1143.52,8,172.04999999999995,13.08
409,2024-03-14,West,Electronics,Laptops,2,2851.76,1912.98,54,938.7800000000002,32.92
410,2024-11-14,East,Furniture,Chairs,7,1754.0,1311.28,8,442.72,25.24
411,2024-10-15,West,Furniture,Chairs,8,745.94,577.21,32,168.73000000000002,22.62
412,2024-02-21,North,Fashion,Women,5,2433.38,1999.11,41,434.2700000000002,17.85
413,2024-12-16,West,Grocery,Snacks,7,1219.66,950.65,39,269.0100000000001,22.06
414,2024-06-15,South,Grocery,Beverages,5,2161.81,1630.14,58,531.6699999999998,24.59
415,2024-10-20,South,Beauty,Makeup,2,835.13,597.62,13,237.51,28.44
416,2024-01-09,South,Electronics,Mobiles,6,1631.07,1446.96,60,184.1099999999999,11.29
417,2024-07-12,East,Fashion,Women,7,2282.31,1591.38,24,690.9299999999998,30.27
418,2024-12-21,West,Grocery,Beverages,9,2199.13,1554.14,58,644.99,29.33
419,2024-09-24,East,Furniture,Chairs,3,1844.92,1625.82,32,219.10000000000014,11.88
420,2024-02-26,West,Furniture,Chairs,3,985.3,685.09,36,300.2099999999999,30.47
421,2024-01-06,West,Beauty,Skincare,7,2112.12,1966.37,39,145.75,6.9
422,2024-11-07,East,Grocery,Beverages,4,1609.62,1148.87,28,460.75,28.62
423,2024-11-13,West,Electronics,Mobiles,1,214.44,188.82,27,25.620000000000005,11.95
424,2024-10-02,North,Beauty,Skincare,1,518.28,389.65,5,128.63,24.82
425,2024-07-30,North,Electronics,Laptops,4,944.06,784.2,22,159.8599999999999,16.93
426,2024-05-13,East,Grocery,Snacks,6,2580.39,1851.9,44,728.4899999999998,28.23
427,2024-06-22,West,Electronics,Mobiles,4,694.96,472.35,10,222.61,32.03
428,2024-02-22,North,Electronics,Laptops,2,501.37,468.97,58,32.39999999999998,6.46
429,2024-06-13,West,Grocery,Snacks,7,536.26,369.31,38,166.95,31.13
430,2024-07-14,South,Electronics,Laptops,9,733.69,619.0,57,114.69000000000005,15.63
431,2024-07-21,West,Beauty,Makeup,7,1282.56,875.46,57,407.0999999999999,31.74
432,2024-12-03,South,Beauty,Skincare,1,2378.36,1920.77,30,457.59000000000015,19.24
433,2024-09-07,North,Electronics,Mobiles,1,1331.6,1193.44,59,138.15999999999985,10.38
434,2024-06-01,West,Furniture,Chairs,4,1187.99,978.23,36,209.76,17.66
435,2024-12-28,East,Electronics,Laptops,9,942.24,808.82,50,133.41999999999996,14.16
436,2024-03-14,North,Beauty,Skincare,4,584.27,556.07,54,28.199999999999932,4.83
437,2024-05-26,West,Furniture,Tables,9,1474.61,1270.17,42,204.43999999999983,13.86
438,2024-12-06,West,Furniture,Tables,1,1904.83,1733.07,17,171.76,9.02
439,2024-11-01,East,Grocery,Beverages,8,1863.86,1417.68,48,446.17999999999984,23.94
440,2024-09-08,West,Beauty,Skincare,2,1427.55,962.6,48,464.94999999999993,32.57
441,2024-08-10,East,Fashion,Women,9,720.41,481.25,40,239.15999999999997,33.2
442,2024-06-07,East,Grocery,Beverages,2,1227.75,1023.91,11,203.84000000000003,16.6
443,2024-05-13,West,Beauty,Skincare,6,478.91,437.47,53,41.44,8.65
444,2024-06-30,East,Fashion,Women,8,677.96,591.7,35,86.25999999999999,12.72
445,2024-10-07,North,Furniture,Chairs,10,2181.35,1522.62,55,658.73,30.2
446,2024-11-04,South,Electronics,Laptops,4,1229.47,1114.06,60,115.41000000000008,9.39
447,2024-03-16,West,Grocery,Beverages,1,734.56,681.82,27,52.739999999999895,7.18
448,2024-07-31,East,Fashion,Women,1,2544.41,1854.05,20,690.3599999999999,27.13
449,2024-03-11,West,Grocery,Beverages,8,2354.33,1834.4,30,519.9299999999998,22.08
450,2024-10-09,North,Electronics,Mobiles,8,1935.87,1830.81,6,105.05999999999995,5.43
451,2024-02-22,West,Furniture,Tables,5,1458.89,1371.98,24,86.91000000000008,5.96
452,2024-02-13,West,Grocery,Snacks,4,2096.04,1732.88,33,363.15999999999985,17.33
453,2024-09-01,West,Furniture,Tables,10,320.93,273.46,42,47.47000000000003,14.79
454,2024-12-02,West,Fashion,Men,6,804.32,748.4,15,55.92000000000007,6.95
455,2024-02-25,North,Fashion,Men,7,260.61,221.35,16,39.26000000000002,15.06
456,2024-09-14,East,Grocery,Snacks,3,741.75,538.82,46,202.92999999999995,27.36
457,2024-01-20,West,Fashion,Women,6,1596.41,1345.72,16,250.69000000000005,15.7
458,2024-11-28,West,Grocery,Snacks,4,2321.78,1948.02,18,373.7600000000002,16.1
459,2024-11-03,West,Fashion,Women,9,1269.6,1111.45,38,158.14999999999986,12.46
460,2024-07-14,North,Fashion,Men,10,1884.33,1479.46,27,404.8699999999999,21.49
461,2024-05-05,West,Electronics,Mobiles,4,540.54,373.0,37,167.53999999999996,30.99
462,2024-12-15,South,Grocery,Beverages,1,1327.64,1056.0,38,271.6400000000001,20.46
463,2024-07-31,West,Electronics,Laptops,4,1414.66,1030.42,60,384.24,27.16
464,2024-08-15,South,Beauty,Skincare,7,2023.68,1856.08,47,167.60000000000014,8.28
465,2024-04-03,East,Electronics,Laptops,9,1950.89,1767.94,41,182.95000000000005,9.38
466,2024-04-09,East,Beauty,Skincare,2,1803.58,1678.16,38,125.41999999999985,6.95
467,2024-07-10,North,Furniture,Chairs,1,1730.72,1214.45,36,516.27,29.83
468,2024-11-04,West,Electronics,Mobiles,3,1349.6,1193.98,50,155.6199999999999,11.53
469,2024-09-05,East,Furniture,Tables,1,1676.23,1277.29,21,398.94000000000005,23.8
470,2024-04-23,South,Grocery,Beverages,7,1940.79,1738.2,25,202.58999999999992,10.44
471,2024-09-24,North,Fashion,Women,5,794.47,536.04,48,258.43000000000006,32.53
472,2024-12-16,East,Beauty,Skincare,2,695.28,498.84,33,196.44,28.25
473,2024-10-02,North,Fashion,Women,6,784.19,669.53,17,114.66000000000008,14.62
474,2024-07-26,East,Beauty,Skincare,10,508.43,360.28,7,148.15000000000003,29.14
475,2024-09-04,North,Fashion,Women,1,124.47,118.38,50,6.090000000000003,4.89
476,2024-07-29,North,Fashion,Women,9,470.36,371.46,5,98.90000000000003,21.03
477,2024-03-04,East,Grocery,Beverages,8,2655.72,1788.16,38,867.5599999999997,32.67
478,2024-10-11,North,Electronics,Mobiles,3,445.73,357.98,17,87.75,19.69
479,2024-12-27,East,Fashion,Men,6,1129.37,764.75,25,364.6199999999999,32.29
480,2024-04-05,North,Fashion,Men,9,1342.27,1068.91,47,273.3599999999999,20.37
481,2024-02-27,West,Furniture,Chairs,7,2000.47,1813.8,42,186.67000000000007,9.33
482,2024-10-18,South,Electronics,Mobiles,8,1052.47,860.36,57,192.11,18.25
483,2024-03-17,North,Grocery,Snacks,7,1957.98,1808.66,38,149.31999999999994,7.63
484,2024-12-27,West,Furniture,Chairs,2,888.48,810.37,18,78.11000000000001,8.79
485,2024-12-20,West,Grocery,Beverages,2,910.29,671.75,24,238.53999999999996,26.2
486,2024-03-22,North,Beauty,Skincare,1,1038.92,785.92,31,253.0000000000001,24.35
487,2024-08-07,East,Beauty,Makeup,6,1382.97,1159.64,33,223.32999999999993,16.15
488,2024-04-11,South,Fashion,Men,7,758.69,716.63,37,42.06000000000006,5.54
489,2024-05-13,East,Furniture,Chairs,5,2533.85,1871.61,50,662.24,26.14
490,2024-12-03,North,Electronics,Laptops,10,242.13,205.18,54,36.94999999999999,15.26
491,2024-07-30,North,Electronics,Laptops,9,363.0,290.35,54,72.64999999999998,20.01
492,2024-03-07,North,Electronics,Laptops,9,1693.21,1182.79,48,510.4200000000001,30.15
493,2024-11-12,East,Furniture,Chairs,6,1462.61,1363.25,52,99.3599999999999,6.79
494,2024-07-13,North,Fashion,Men,9,2512.18,1679.34,25,832.8399999999999,33.15
495,2024-02-13,East,Electronics,Mobiles,4,939.15,711.83,10,227.31999999999994,24.2
496,2024-06-20,North,Grocery,Beverages,7,2410.34,1886.42,60,523.9200000000001,21.74
497,2024-03-30,South,Electronics,Mobiles,6,1120.55,966.62,48,153.92999999999995,13.74
498,2024-12-28,East,Beauty,Skincare,7,233.97,201.63,40,32.34,13.82
499,2024-04-15,East,Beauty,Skincare,10,2713.16,1875.45,55,837.7099999999998,30.88
500,2024-10-22,West,Electronics,Mobiles,5,1065.6,885.72,8,179.87999999999988,16.88
501,2024-10-28,South,Electronics,Mobiles,8,193.83,140.62,43,53.21000000000001,27.45
502,2024-04-09,North,Furniture,Tables,8,2227.3,1774.38,47,452.9200000000001,20.33
503,2024-05-24,West,Grocery,Beverages,7,712.98,550.6,53,162.38,22.77
504,2024-04-12,South,Furniture,Tables,9,1927.58,1400.65,39,526.9299999999998,27.34
505,2024-10-04,North,Fashion,Men,6,2319.64,1744.05,30,575.5899999999999,24.81
506,2024-11-21,East,Grocery,Beverages,2,1419.46,1066.2,8,353.26,24.89
507,2024-06-09,North,Beauty,Skincare,2,661.78,480.06,39,181.71999999999997,27.46
508,2024-03-26,West,Grocery,Beverages,10,418.5,349.82,22,68.68,16.41
509,2024-02-21,West,Beauty,Skincare,4,1427.87,1195.26,19,232.6099999999999,16.29
510,2024-02-06,West,Grocery,Beverages,7,626.86,531.55,25,95.31000000000006,15.2
511,2024-01-26,North,Furniture,Chairs,3,2165.84,1797.79,29,368.0500000000002,16.99
512,2024-06-03,South,Beauty,Makeup,6,1288.76,915.88,8,372.88,28.93
513,2024-11-25,West,Beauty,Skincare,2,371.29,314.03,60,57.26000000000005,15.42
514,2024-08-12,East,Fashion,Women,7,2660.51,1820.39,32,840.1200000000001,31.58
515,2024-10-19,North,Grocery,Beverages,10,1341.54,1160.29,52,181.25,13.51
516,2024-11-01,West,Beauty,Makeup,10,1584.06,1227.96,52,356.0999999999999,22.48
517,2024-04-11,West,Grocery,Snacks,3,1964.54,1769.41,56,195.12999999999988,9.93
518,2024-08-16,North,Electronics,Mobiles,10,248.58,223.63,26,24.950000000000017,10.04
519,2024-02-26,North,Grocery,Beverages,6,268.36,211.61,26,56.75,21.15
520,2024-10-23,North,Grocery,Snacks,6,2095.13,1926.82,32,168.31000000000017,8.03
521,2024-10-08,East,Furniture,Chairs,6,2021.39,1708.04,36,313.35000000000014,15.5
522,2024-04-14,West,Fashion,Men,1,1894.27,1642.53,38,251.74,13.29
523,2024-09-07,North,Furniture,Chairs,9,1031.38,974.24,53,57.1400000000001,5.54
524,2024-09-30,North,Fashion,Men,1,184.47,159.36,35,25.109999999999985,13.61
525,2024-02-03,North,Grocery,Snacks,8,1634.74,1207.71,29,427.03,26.12
526,2024-06-20,South,Fashion,Men,6,2325.28,1718.04,25,607.2400000000002,26.11
527,2024-01-13,East,Grocery,Snacks,9,727.03,514.89,25,212.14,29.18
528,2024-02-05,East,Fashion,Men,5,825.03,639.68,54,185.35000000000002,22.47
529,2024-03-20,North,Furniture,Tables,1,1861.59,1747.08,19,114.50999999999999,6.15
530,2024-01-02,West,Beauty,Makeup,7,2536.46,1702.0,58,834.46,32.9
531,2024-12-30,North,Electronics,Mobiles,9,450.17,409.65,36,40.52000000000004,9.0
532,2024-04-17,West,Electronics,Laptops,6,996.19,752.01,57,244.18000000000006,24.51
533,2024-04-09,North,Fashion,Men,7,2297.05,1960.59,8,336.46000000000026,14.65
534,2024-08-01,East,Beauty,Skincare,3,2035.35,1826.11,10,209.24,10.28
535,2024-09-12,North,Beauty,Skincare,3,1148.43,947.6,44,200.83000000000004,17.49
536,2024-01-16,North,Beauty,Makeup,4,2527.68,1909.11,54,618.5699999999999,24.47
537,2024-10-13,East,Fashion,Men,3,2163.81,1475.02,35,688.79,31.83
538,2024-01-14,North,Beauty,Makeup,4,2793.14,1911.17,13,881.9699999999998,31.58
539,2024-08-12,West,Fashion,Men,7,2128.97,1948.83,30,180.13999999999987,8.46
540,2024-03-13,South,Beauty,Makeup,10,1765.23,1668.78,54,96.45000000000005,5.46
541,2024-11-19,West,Beauty,Makeup,10,2822.4,1903.71,49,918.69,32.55
542,2024-10-30,East,Beauty,Makeup,3,413.18,334.24,23,78.94,19.11
543,2024-07-17,North,Beauty,Makeup,9,2032.07,1785.32,15,246.75,12.14
544,2024-09-09,West,Furniture,Tables,1,2381.78,1649.96,22,731.8200000000002,30.73
545,2024-10-21,North,Grocery,Beverages,9,1115.32,779.53,27,335.78999999999996,30.11
546,2024-12-09,East,Beauty,Makeup,10,1293.71,865.85,60,427.86,33.07
547,2024-05-06,South,Beauty,Makeup,10,2573.37,1814.08,5,759.29,29.51
548,2024-03-08,North,Electronics,Mobiles,4,1329.65,1136.78,35,192.87000000000012,14.51
549,2024-02-25,South,Furniture,Tables,5,1982.91,1656.43,45,326.48,16.46
550,2024-05-05,South,Beauty,Skincare,9,1913.98,1530.68,59,383.29999999999995,20.03
551,2024-09-23,South,Electronics,Mobiles,3,2310.94,1586.76,31,724.1800000000001,31.34
552,2024-04-18,East,Grocery,Snacks,3,1546.06,1435.85,35,110.21000000000004,7.13
553,2024-12-11,West,Furniture,Tables,4,1705.7,1217.96,21,487.74,28.59
554,2024-05-04,North,Furniture,Chairs,3,1575.64,1101.79,36,473.85000000000014,30.07
555,2024-05-06,East,Fashion,Men,5,2041.75,1412.9,17,628.8499999999999,30.8
556,2024-09-13,North,Beauty,Makeup,8,2725.45,1901.98,35,823.4699999999998,30.21
557,2024-10-11,East,Fashion,Men,3,1083.59,785.67,9,297.91999999999996,27.49
558,2024-01-25,South,Grocery,Snacks,3,1236.25,916.8,23,319.45000000000005,25.84
559,2024-07-16,East,Grocery,Beverages,6,385.61,301.13,17,84.48000000000002,21.91
560,2024-12-19,North,Grocery,Beverages,1,424.93,291.56,47,133.37,31.39
561,2024-09-17,North,Beauty,Makeup,5,1022.32,943.5,8,78.82000000000005,7.71
562,2024-03-20,North,Beauty,Makeup,2,620.87,454.03,22,166.84000000000003,26.87
563,2024-10-20,East,Fashion,Men,5,745.54,605.4,9,140.14,18.8
564,2024-10-13,West,Electronics,Laptops,4,2453.77,1940.12,5,513.6500000000001,20.93
565,2024-04-17,North,Electronics,Mobiles,4,1775.5,1615.71,5,159.78999999999996,9.0
566,2024-06-20,North,Furniture,Chairs,6,2050.43,1597.61,25,452.81999999999994,22.08
567,2024-01-09,West,Furniture,Tables,1,1911.0,1720.7,32,190.29999999999995,9.96
568,2024-03-08,South,Fashion,Men,7,2533.39,1993.52,31,539.8699999999999,21.31
569,2024-08-05,East,Electronics,Laptops,4,178.54,165.24,13,13.299999999999983,7.45
570,2024-08-02,South,Beauty,Makeup,3,1466.75,1181.31,36,285.44000000000005,19.46
571,2024-03-08,West,Beauty,Skincare,9,2322.5,1574.29,60,748.21,32.22
572,2024-04-08,North,Beauty,Skincare,2,1044.76,734.64,60,310.12,29.68
573,2024-12-29,North,Furniture,Tables,9,1969.65,1864.37,58,105.2800000000002,5.35
574,2024-12-20,South,Grocery,Snacks,4,274.97,228.86,30,46.110000000000014,16.77
575,2024-01-17,East,Beauty,Makeup,10,2244.04,1782.3,40,461.74,20.58
576,2024-04-13,East,Electronics,Mobiles,2,310.36,270.69,22,39.670000000000016,12.78
577,2024-04-24,North,Grocery,Beverages,3,142.02,133.83,27,8.189999999999998,5.77
578,2024-12-06,South,Grocery,Beverages,3,710.25,643.07,23,67.17999999999995,9.46
579,2024-10-09,West,Beauty,Skincare,4,625.03,546.0,16,79.02999999999997,12.64
580,2024-07-25,West,Electronics,Laptops,1,539.12,402.07,37,137.05,25.42
581,2024-08-29,North,Grocery,Beverages,5,383.24,336.85,5,46.389999999999986,12.1
582,2024-04-10,South,Beauty,Makeup,4,595.37,457.95,40,137.42000000000002,23.08
583,2024-01-14,North,Fashion,Men,6,1825.67,1260.33,40,565.3400000000001,30.97
584,2024-01-27,South,Electronics,Laptops,3,2014.36,1378.3,34,636.06,31.58
585,2024-06-24,East,Furniture,Tables,5,1690.6,1233.06,14,457.53999999999996,27.06
586,2024-09-22,West,Fashion,Men,4,2124.15,1747.2,60,376.95000000000005,17.75
587,2024-06-21,South,Furniture,Tables,7,1170.35,941.43,5,228.91999999999996,19.56
588,2024-08-21,West,Beauty,Skincare,7,1025.77,934.28,19,91.49000000000001,8.92
589,2024-04-10,West,Fashion,Women,2,1667.58,1571.79,29,95.78999999999996,5.74
590,2024-11-06,West,Furniture,Tables,10,1952.21,1783.61,7,168.60000000000014,8.64
591,2024-11-14,East,Furniture,Tables,10,921.4,776.48,54,144.91999999999996,15.73
592,2024-08-04,West,Furniture,Chairs,3,1125.68,822.39,39,303.2900000000001,26.94
593,2024-01-28,East,Beauty,Skincare,8,1484.59,1207.02,53,277.56999999999994,18.7
594,2024-06-29,South,Electronics,Mobiles,6,1989.71,1710.92,47,278.78999999999996,14.01
595,2024-07-30,East,Fashion,Women,1,1480.93,1149.01,26,331.9200000000001,22.41
596,2024-03-14,East,Beauty,Makeup,5,2279.35,1767.91,13,511.4399999999998,22.44
597,2024-11-01,West,Grocery,Snacks,10,2218.98,1925.95,48,293.03,13.21
598,2024-05-10,North,Furniture,Chairs,1,1176.35,947.04,36,229.30999999999995,19.49
599,2024-08-17,East,Electronics,Laptops,9,506.26,453.98,49,52.27999999999997,10.33
600,2024-03-18,East,Beauty,Makeup,8,209.93,191.92,8,18.01000000000002,8.58
601,2024-02-24,West,Fashion,Women,4,1874.08,1281.06,20,593.02,31.64
602,2024-01-21,North,Electronics,Mobiles,8,192.34,159.58,59,32.75999999999999,17.03
603,2024-02-06,South,Electronics,Mobiles,6,1492.79,1358.13,28,134.65999999999985,9.02
604,2024-07-29,South,Electronics,Mobiles,1,1848.89,1458.06,39,390.83000000000015,21.14
605,2024-05-27,East,Beauty,Skincare,10,1460.36,1096.68,12,363.67999999999984,24.9
606,2024-09-17,East,Beauty,Skincare,8,2027.52,1505.79,30,521.73,25.73
607,2024-06-24,West,Furniture,Chairs,10,2708.43,1837.65,25,870.7799999999997,32.15
608,2024-11-10,East,Grocery,Beverages,2,1909.35,1746.18,17,163.16999999999985,8.55
609,2024-04-27,North,Grocery,Beverages,3,2592.5,1844.59,58,747.9100000000001,28.85
610,2024-03-29,North,Electronics,Laptops,9,1480.29,1046.28,36,434.01,29.32
611,2024-12-28,North,Furniture,Chairs,10,576.18,472.77,27,103.40999999999997,17.95
612,2024-02-08,West,Furniture,Tables,10,415.72,331.69,51,84.03000000000003,20.21
613,2024-04-05,East,Electronics,Laptops,1,1001.08,767.4,50,233.68000000000006,23.34
614,2024-01-09,North,Furniture,Chairs,3,405.4,334.82,43,70.57999999999998,17.41
615,2024-07-03,East,Fashion,Women,6,1630.49,1298.21,33,332.28,20.38
616,2024-02-27,West,Fashion,Men,2,1891.8,1532.88,55,358.91999999999985,18.97
617,2024-11-16,South,Grocery,Beverages,1,1214.51,922.57,22,291.93999999999994,24.04
618,2024-10-19,North,Beauty,Makeup,4,743.5,587.67,45,155.83000000000004,20.96
619,2024-02-16,East,Grocery,Beverages,4,1767.66,1645.75,44,121.91000000000008,6.9
620,2024-02-17,West,Fashion,Women,3,2194.78,1806.68,46,388.10000000000014,17.68
621,2024-08-29,West,Grocery,Beverages,2,1908.27,1614.74,14,293.53,15.38
622,2024-01-16,North,Fashion,Women,8,1232.68,1105.6,48,127.08000000000015,10.31
623,2024-04-11,West,Furniture,Chairs,5,223.06,176.2,32,46.860000000000014,21.01
624,2024-04-16,West,Furniture,Tables,4,2313.31,1962.51,57,350.79999999999995,15.16
625,2024-06-20,South,Furniture,Tables,7,1372.71,984.95,9,387.76,28.25
626,2024-03-30,East,Fashion,Men,5,2463.12,1844.18,30,618.9399999999998,25.13
627,2024-06-04,West,Beauty,Skincare,3,708.85,494.06,30,214.79000000000002,30.3
628,2024-01-05,East,Grocery,Snacks,10,1738.5,1184.51,37,553.99,31.87
629,2024-07-28,East,Furniture,Tables,1,531.31,364.29,45,167.01999999999992,31.44
630,2024-07-08,South,Electronics,Mobiles,4,237.35,164.88,58,72.47,30.53
631,2024-04-15,North,Grocery,Snacks,9,1781.62,1204.89,14,576.7299999999998,32.37
632,2024-03-19,East,Beauty,Skincare,10,1554.77,1244.02,15,310.75,19.99
633,2024-12-18,West,Beauty,Skincare,4,215.8,157.04,12,58.76000000000002,27.23
634,2024-02-03,North,Furniture,Chairs,9,323.07,265.22,9,57.849999999999966,17.91
635,2024-05-22,East,Furniture,Chairs,6,169.22,134.14,20,35.08000000000001,20.73
636,2024-04-03,West,Fashion,Men,4,1637.61,1144.3,31,493.30999999999995,30.12
637,2024-11-30,East,Furniture,Chairs,10,1371.57,1109.26,59,262.30999999999995,19.12
638,2024-01-17,East,Fashion,Men,7,1912.28,1650.35,23,261.93000000000006,13.7
639,2024-02-04,South,Beauty,Skincare,1,1448.42,1317.09,50,131.33000000000015,9.07
640,2024-01-15,South,Beauty,Skincare,10,471.08,369.78,44,101.30000000000001,21.5
641,2024-09-29,East,Beauty,Skincare,3,1726.9,1630.7,58,96.20000000000005,5.57
642,2024-07-13,South,Electronics,Laptops,1,1504.38,1186.85,25,317.5300000000002,21.11
643,2024-12-24,East,Electronics,Mobiles,5,1219.99,1100.89,52,119.09999999999991,9.76
644,2024-05-15,North,Furniture,Tables,3,1648.48,1513.02,39,135.46000000000004,8.22
645,2024-11-08,East,Furniture,Tables,1,1145.2,980.72,46,164.48000000000002,14.36
646,2024-09-22,East,Beauty,Skincare,2,1124.9,905.89,52,219.0100000000001,19.47
647,2024-07-05,East,Grocery,Snacks,2,119.22,106.06,34,13.159999999999997,11.04
648,2024-12-18,North,Beauty,Makeup,8,1207.98,1001.32,42,206.65999999999997,17.11
649,2024-06-09,West,Grocery,Snacks,2,1300.83,914.99,45,385.8399999999999,29.66
650,2024-11-29,South,Beauty,Makeup,6,1104.95,1035.74,11,69.21000000000004,6.26
651,2024-03-12,South,Furniture,Tables,6,2680.5,1807.12,29,873.3800000000001,32.58
652,2024-04-28,North,Fashion,Men,2,875.41,630.83,52,244.57999999999993,27.94
653,2024-04-22,South,Grocery,Beverages,8,1404.09,1156.22,26,247.8699999999999,17.65
654,2024-01-30,North,Grocery,Beverages,3,1286.05,1196.27,9,89.77999999999997,6.98
655,2024-08-11,North,Furniture,Chairs,4,1622.95,1124.42,35,498.53,30.72
656,2024-10-29,South,Electronics,Laptops,4,2103.3,1850.5,39,252.80000000000018,12.02
657,2024-09-22,South,Beauty,Skincare,8,2329.22,1750.48,9,578.7399999999998,24.85
658,2024-10-12,East,Electronics,Laptops,3,717.44,585.53,53,131.91000000000008,18.39
659,2024-01-31,South,Grocery,Snacks,3,2064.5,1594.9,57,469.5999999999999,22.75
660,2024-07-04,North,Beauty,Skincare,1,989.95,819.08,13,170.87,17.26
661,2024-04-30,North,Electronics,Mobiles,8,1220.0,957.08,7,262.91999999999996,21.55
662,2024-03-24,West,Grocery,Snacks,7,577.82,405.05,23,172.77000000000004,29.9
663,2024-08-22,North,Electronics,Mobiles,6,865.37,583.47,29,281.9,32.58
664,2024-03-05,East,Furniture,Tables,3,2318.71,1646.41,35,672.3,28.99
665,2024-12-16,West,Electronics,Mobiles,7,867.62,693.35,33,174.26999999999998,20.09
666,2024-09-02,East,Grocery,Snacks,5,842.82,704.83,26,137.99,16.37
667,2024-11-25,South,Fashion,Women,3,228.81,192.35,52,36.46000000000001,15.93
668,2024-03-17,South,Fashion,Men,7,1735.23,1527.47,41,207.76,11.97
669,2024-10-10,North,Fashion,Women,9,1671.53,1138.58,17,532.95,31.88
670,2024-10-09,South,Grocery,Snacks,1,1726.01,1566.01,24,160.0,9.27
671,2024-09-17,West,Grocery,Snacks,5,377.68,277.51,25,100.17000000000002,26.52
672,2024-10-22,West,Fashion,Women,4,1718.34,1461.78,54,256.55999999999995,14.93
673,2024-05-18,South,Fashion,Men,4,2581.22,1911.89,34,669.3299999999997,25.93
674,2024-09-17,North,Fashion,Men,1,2556.51,1868.0,57,688.5100000000002,26.93
675,2024-09-18,West,Grocery,Beverages,9,1491.75,1184.17,30,307.5799999999999,20.62
676,2024-09-22,North,Beauty,Skincare,4,668.29,526.51,39,141.77999999999997,21.22
677,2024-06-06,East,Beauty,Makeup,3,382.92,304.74,20,78.18,20.42
678,2024-08-28,South,Grocery,Beverages,7,2464.73,1715.97,12,748.76,30.38
679,2024-10-06,East,Electronics,Laptops,5,1894.75,1466.33,40,428.4200000000001,22.61
680,2024-06-09,West,Furniture,Tables,2,1781.51,1204.29,23,577.22,32.4
681,2024-08-28,West,Beauty,Skincare,4,2429.07,1796.14,53,632.9300000000001,26.06
682,2024-09-03,West,Beauty,Makeup,1,1026.08,732.93,50,293.15,28.57
683,2024-07-30,South,Fashion,Women,8,168.96,118.23,55,50.730000000000004,30.02
684,2024-12-20,North,Grocery,Beverages,7,209.16,169.97,41,39.19,18.74
685,2024-03-27,East,Grocery,Snacks,7,1046.83,833.39,16,213.43999999999994,20.39
686,2024-04-19,East,Furniture,Chairs,1,1884.56,1405.4,60,479.15999999999985,25.43
687,2024-07-09,South,Electronics,Laptops,5,2063.98,1781.51,15,282.47,13.69
688,2024-04-01,West,Beauty,Skincare,4,526.77,412.43,53,114.33999999999997,21.71
689,2024-10-02,West,Beauty,Skincare,3,1802.53,1599.67,51,202.8599999999999,11.25
690,2024-02-20,West,Furniture,Chairs,7,1635.24,1105.95,45,529.29,32.37
691,2024-11-09,West,Furniture,Tables,8,274.3,220.98,29,53.32000000000002,19.44
692,2024-09-21,North,Beauty,Makeup,4,227.57,172.76,41,54.81,24.08
693,2024-04-05,West,Furniture,Tables,6,1797.51,1444.13,18,353.3799999999999,19.66
694,2024-10-31,East,Grocery,Snacks,9,1179.65,809.21,34,370.44000000000005,31.4
695,2024-07-03,North,Grocery,Beverages,10,648.89,614.93,40,33.960000000000036,5.23
696,2024-04-02,North,Fashion,Men,5,813.33,621.71,41,191.62,23.56
697,2024-05-15,South,Furniture,Chairs,5,499.28,372.82,17,126.45999999999998,25.33
698,2024-08-28,West,Grocery,Beverages,6,737.89,615.23,15,122.65999999999997,16.62
699,2024-12-25,South,Electronics,Mobiles,8,664.41,554.25,6,110.15999999999997,16.58
700,2024-03-18,North,Furniture,Tables,8,2222.22,1775.56,43,446.65999999999985,20.1
701,2024-11-06,South,Fashion,Men,1,2150.57,1724.92,43,425.6500000000001,19.79
702,2024-10-08,West,Beauty,Skincare,7,407.02,271.78,46,135.24,33.23
703,2024-10-07,South,Grocery,Snacks,6,1790.77,1532.39,16,258.3799999999999,14.43
704,2024-05-18,North,Grocery,Beverages,7,569.06,452.07,13,116.98999999999995,20.56
705,2024-07-07,South,Beauty,Skincare,9,2516.14,1894.39,58,621.7499999999998,24.71
706,2024-12-04,North,Furniture,Tables,1,234.96,160.54,40,74.42000000000002,31.67
707,2024-06-06,East,Electronics,Laptops,2,925.49,674.17,42,251.32000000000005,27.16
708,2024-07-05,South,Beauty,Skincare,1,608.87,516.38,59,92.49000000000001,15.19
709,2024-05-30,East,Grocery,Beverages,9,273.36,213.09,55,60.27000000000001,22.05
710,2024-06-06,South,Beauty,Makeup,5,2632.73,1830.67,52,802.06,30.46
711,2024-07-28,South,Fashion,Women,3,2166.38,1660.01,8,506.3700000000001,23.37
712,2024-03-18,West,Grocery,Snacks,9,2243.91,1507.03,56,736.8799999999999,32.84
713,2024-01-15,South,Beauty,Skincare,4,825.75,552.07,43,273.67999999999995,33.14
714,2024-01-01,West,Grocery,Beverages,1,705.06,479.48,10,225.57999999999993,31.99
715,2024-07-26,North,Beauty,Skincare,4,1107.22,1051.34,36,55.88000000000011,5.05
716,2024-08-21,West,Furniture,Tables,9,1374.6,1044.72,56,329.8799999999999,24.0
717,2024-02-22,South,Furniture,Chairs,10,1616.95,1450.8,29,166.1500000000001,10.28
718,2024-03-04,West,Beauty,Makeup,6,693.76,543.39,9,150.37,21.67
719,2024-11-19,East,Grocery,Beverages,8,1526.19,1228.2,23,297.99,19.53
720,2024-08-10,West,Beauty,Makeup,1,206.16,171.5,58,34.66,16.81
721,2024-01-06,North,Electronics,Mobiles,3,660.14,470.41,30,189.72999999999996,28.74
722,2024-01-13,South,Furniture,Tables,10,1655.19,1423.69,26,231.5,13.99
723,2024-04-18,West,Electronics,Laptops,3,808.67,641.81,37,166.86,20.63
724,2024-08-12,North,Furniture,Tables,1,346.58,289.9,14,56.68000000000001,16.35
725,2024-08-30,South,Beauty,Skincare,5,1164.95,893.01,35,271.94000000000005,23.34
726,2024-07-27,East,Grocery,Snacks,4,939.83,733.26,26,206.57000000000005,21.98
727,2024-12-10,East,Furniture,Chairs,9,1072.16,881.14,47,191.0200000000001,17.82
728,2024-05-20,West,Furniture,Chairs,9,1581.31,1454.62,9,126.69000000000005,8.01
729,2024-09-08,North,Fashion,Men,7,2173.8,1785.22,5,388.58000000000015,17.88
730,2024-12-22,South,Furniture,Tables,3,645.78,530.21,28,115.56999999999994,17.9
731,2024-08-05,South,Fashion,Men,7,515.06,346.2,38,168.85999999999996,32.78
732,2024-04-06,South,Electronics,Laptops,1,805.57,551.52,60,254.05000000000007,31.54
733,2024-06-03,West,Beauty,Skincare,10,178.24,142.7,8,35.54000000000002,19.94
734,2024-04-20,South,Grocery,Snacks,9,1735.28,1538.92,15,196.3599999999999,11.32
735,2024-12-04,South,Grocery,Snacks,9,1664.21,1237.68,28,426.53,25.63
736,2024-10-03,West,Grocery,Beverages,7,1423.9,1321.92,25,101.98000000000002,7.16
737,2024-01-02,West,Fashion,Men,9,1639.53,1229.26,33,410.27,25.02
738,2024-12-01,North,Furniture,Tables,2,857.59,604.84,55,252.75,29.47
739,2024-10-05,North,Grocery,Snacks,4,1289.59,934.26,35,355.3299999999999,27.55
740,2024-02-23,South,Furniture,Tables,7,825.08,763.5,23,61.58000000000004,7.46
741,2024-05-22,West,Furniture,Tables,9,619.63,555.82,44,63.809999999999945,10.3
742,2024-04-07,South,Electronics,Laptops,10,499.37,348.75,30,150.62,30.16
743,2024-06-22,West,Electronics,Laptops,4,2635.26,1813.48,8,821.7800000000002,31.18
744,2024-12-29,North,Beauty,Skincare,6,860.51,694.27,23,166.24,19.32
745,2024-10-21,East,Furniture,Tables,6,418.23,386.44,15,31.79000000000002,7.6
746,2024-07-04,South,Beauty,Makeup,9,1287.85,859.88,38,427.9699999999999,33.23
747,2024-03-08,South,Fashion,Women,10,315.01,290.55,45,24.45999999999998,7.76
748,2024-07-04,West,Beauty,Skincare,6,1141.04,878.18,37,262.86,23.04
749,2024-08-28,South,Beauty,Skincare,5,1225.68,934.79,21,290.8900000000001,23.73
750,2024-08-30,South,Beauty,Skincare,7,703.51,607.76,7,95.75,13.61
751,2024-08-21,North,Electronics,Laptops,9,2582.76,1854.16,11,728.6000000000001,28.21
752,2024-10-11,South,Beauty,Makeup,7,618.52,513.12,16,105.39999999999998,17.04
753,2024-03-10,South,Furniture,Tables,10,766.55,666.84,18,99.70999999999992,13.01
754,2024-10-19,North,Electronics,Laptops,2,2009.07,1352.13,38,656.9399999999998,32.7
755,2024-09-04,South,Fashion,Men,1,1922.48,1454.37,20,468.1100000000001,24.35
756,2024-07-27,East,Furniture,Tables,3,440.0,299.35,32,140.64999999999998,31.97
757,2024-09-14,East,Beauty,Skincare,7,2122.07,1731.72,59,390.35000000000014,18.39
758,2024-12-22,East,Beauty,Makeup,4,700.13,538.12,6,162.01,23.14
759,2024-03-28,South,Beauty,Makeup,3,1009.71,918.34,49,91.37,9.05
760,2024-11-22,East,Furniture,Tables,3,1181.28,979.06,11,202.22000000000003,17.12
761,2024-06-30,East,Grocery,Snacks,8,314.0,248.66,8,65.34,20.81
762,2024-12-11,South,Grocery,Beverages,9,2166.29,1986.82,27,179.47000000000003,8.28
763,2024-01-04,East,Beauty,Makeup,6,1395.15,1025.49,13,369.6600000000001,26.5
764,2024-05-20,East,Electronics,Laptops,8,893.31,715.71,30,177.5999999999999,19.88
765,2024-06-25,North,Furniture,Tables,6,1026.0,746.59,56,279.40999999999997,27.23
766,2024-09-20,South,Fashion,Men,8,402.21,284.66,40,117.54999999999995,29.23
767,2024-07-26,West,Electronics,Mobiles,7,570.05,417.11,29,152.93999999999994,26.83
768,2024-10-30,North,Furniture,Tables,4,580.36,475.64,45,104.72000000000003,18.04
769,2024-06-05,North,Electronics,Laptops,9,1786.58,1314.45,58,472.1299999999999,26.43
770,2024-09-16,South,Furniture,Tables,4,1201.6,1023.61,41,177.9899999999999,14.81
771,2024-10-20,North,Electronics,Mobiles,6,1341.14,1152.09,22,189.05000000000018,14.1
772,2024-02-28,West,Beauty,Makeup,10,2050.09,1630.74,10,419.35000000000014,20.46
773,2024-04-29,South,Fashion,Men,9,1517.17,1076.55,26,440.6200000000001,29.04
774,2024-01-19,South,Beauty,Makeup,9,1460.89,1156.83,28,304.0600000000002,20.81
775,2024-05-22,East,Electronics,Laptops,2,1537.29,1094.1,54,443.19000000000005,28.83
776,2024-01-23,North,Electronics,Mobiles,9,2519.18,1753.16,24,766.0199999999998,30.41
777,2024-04-30,South,Beauty,Makeup,2,2376.16,1600.63,28,775.5299999999997,32.64
778,2024-02-11,North,Fashion,Women,9,1071.05,994.12,48,76.92999999999995,7.18
779,2024-05-24,South,Beauty,Makeup,9,1998.75,1612.52,24,386.23,19.32
780,2024-06-22,West,Furniture,Tables,5,281.4,196.73,17,84.66999999999999,30.09
781,2024-06-17,North,Furniture,Tables,3,1761.96,1349.3,12,412.6600000000001,23.42
782,2024-09-13,South,Electronics,Mobiles,8,2285.53,1583.3,54,702.2300000000002,30.73
783,2024-08-01,North,Furniture,Tables,9,485.21,446.5,49,38.70999999999998,7.98
784,2024-05-03,North,Grocery,Snacks,8,385.73,263.35,15,122.38,31.73
785,2024-12-18,West,Electronics,Laptops,10,1435.18,1110.34,56,324.84000000000015,22.63
786,2024-05-09,West,Beauty,Makeup,1,1577.35,1211.56,19,365.78999999999996,23.19
787,2024-03-11,South,Beauty,Skincare,9,380.14,271.85,51,108.28999999999996,28.49
788,2024-09-19,South,Fashion,Men,8,1402.47,1308.22,18,94.25,6.72
789,2024-11-17,West,Beauty,Skincare,2,577.16,387.72,52,189.43999999999994,32.82
790,2024-06-26,West,Grocery,Beverages,3,1451.02,1231.05,27,219.97000000000003,15.16
791,2024-10-23,West,Electronics,Mobiles,9,2765.29,1935.41,16,829.8799999999999,30.01
792,2024-05-18,North,Electronics,Laptops,3,1009.12,761.98,11,247.14,24.49
793,2024-07-05,South,Fashion,Men,6,396.47,270.79,59,125.68,31.7
794,2024-05-29,North,Fashion,Men,7,1381.78,998.75,12,383.03,27.72
795,2024-07-14,South,Electronics,Laptops,2,1482.08,1175.34,11,306.74,20.7
796,2024-01-17,North,Grocery,Beverages,9,1783.85,1691.25,47,92.59999999999991,5.19
797,2024-09-27,East,Electronics,Laptops,9,1117.63,999.11,5,118.5200000000001,10.6
798,2024-11-02,North,Beauty,Makeup,4,1277.21,1151.15,19,126.05999999999995,9.87
799,2024-09-17,West,Electronics,Laptops,4,1061.75,915.2,29,146.54999999999995,13.8
800,2024-09-06,West,Beauty,Makeup,2,2019.41,1851.78,6,167.6300000000001,8.3
